Karen,T.,Luffman,Morton Street,Central Square,New York,13036,cLuffman@sharewaredevelopers.com
Queen,E.,Eastridge,7741 Albee Square,Litchfield,California,96117,qEastridge@hotmail.com
Orlando,Q.,Volo,3201 McKibbin Street,Carolina,Puerto Rico,00984,oVolo@mailboom.com
Gayla,R.,Fogerty,6132 Dunne Court,Florence,Missouri,65329,gFogerty@conok.com
Gary,R.,Stockmaster,6942 Hall Street,Harleigh,Pennsylvania,18225,gStockmaster@juniormail.com
Linda,J.,Cosselman,4103 Midwood Street,Los Angeles,California,90020,lCosselman@ignmail.com
Alvaro,P.,Baldy,7644 Schweikerts Walk,Papaaloa,Hawaii,96780,aBaldy@naplesnews.net
Larissa,I.,Reino,6061 Hendrickson Street,New Kensington,Pennsylvania,15068,lReino@msgbox.com
Joel,A.,Pali,5635 Bay Ridge Parkway,Centerville,Massachusetts,02632,jPali@officedomain.com
Cathrine,Y.,Whatcott,2849 Post Court,Bailey,Texas,75413,cWhatcott@money.net
Dana,Q.,Kellis,5019 Ludlam Place,Stewartstown,Pennsylvania,17363,dKellis@rvshop.com
Lillie,L.,Sinkfield,8053 Grand Avenue,Erhard,Minnesota,56534,lSinkfield@freemail.com.au
Emory,B.,Ramire,9097 Weirfield Street,Tucson,Arizona,85723,eRamire@bboy.zzn.com
Rita,A.,Castell,8554 Rose Street,Austwell,Texas,77950,rCastell@dawnsonmail.com
Steve,D.,Schiffman,5753 Brighton 11th Street,Topawa,Arizona,85639,sSchiffman@yahoo.com
Jenifer,S.,Sucher,7956 Hausman Street,Memphis,Tennessee,38128,jSucher@topchat.com
Frankie,G.,Sager,8643 Brighton 1st Place,Akutan,Alaska,99553,fSager@law.com
Kristen,E.,Roysden,9160 Sandford Street,Copper Hill,Virginia,24079,kRoysden@wrestlingpages.com
Stacy,W.,Scarbro,5944 Billings Place,Madison,Wisconsin,53794,sScarbro@stones.com
Jeanne,O.,Lipp,8625 Dooley Street,Bunn,North Carolina,27508,jLipp@ghostmail.com
Erich,E.,Prindall,3689 Taylor Street,Callery,Pennsylvania,16024,ePrindall@naplesnews.net
Anna,E.,Madry,4160 New Jersey Avenue,Somerset,Pennsylvania,15510,aMadry@rocketmail.com
Salvador,I.,Cotham,2671 Brighton 7th Street,Ventura,California,93004,sCotham@byteme.com
Celia,T.,Scaringe,7133 Stillwell's Place,Red Boiling Springs,Tennessee,37150,cScaringe@army.net
Fletcher,E.,Breau,7671 Tiffany Place,Fairfax,Virginia,22034,fBreau@nchoicemail.com
Penny,K.,Fosse,3942 Varanda Place,New Braintree,Massachusetts,01531,pFosse@bitmail.com
Guillermo,W.,Wadden,604 Baycliff Terrace,Rockville,Missouri,64780,gWadden@planetearthinter.net
Araceli,O.,Sella,8050 Albemarle Road,Evans,Louisiana,70639,aSella@edmail.com
Xavier,C.,Maybin,5294 Ocean Avenue,Millerton,New York,12546,xMaybin@virtualactive.com
Lily,O.,Salem,7129 Brighton 6th Court,Minneapolis,Minnesota,55479,lSalem@crosshairs.com
Harlan,O.,Naqvi,3934 Commerce Street,Western Springs,Illinois,60558,hNaqvi@popaccount.com
Doretha,V.,Condo,6873 Roebling Street,Dupo,Illinois,62270,dCondo@planetaccess.com
Gaston,V.,Genrich,3107 Varanda Place,Antioch,California,94509,gGenrich@xoommail.com
Delia,C.,Sample,3966 Williams Court,Montrose,West Virginia,26283,dSample@ilovejesus.com
Joaquin,F.,Ewalt,4928 Melba Court,Frewsburg,New York,14738,jEwalt@freeaccount.com
Catherine,Y.,Regalado,1735 Avenue R,Pentress,West Virginia,26544,cRegalado@duno.com
Carey,I.,Penalosa,8263 St Edwards Street,New York,New York,10015,cPenalosa@advalvas.be
Nanette,G.,Kaster,2770 Van Sinderen Avenue,Regina,Kentucky,41559,nKaster@mailpost.zzn.com
Cruz,A.,Levangie,4536 Park Place,Anderson,Indiana,46011,cLevangie@casino.com
Crystal,R.,Neuenfeldt,6725 Nixon Court,Grand Rapids,Michigan,49599,cNeuenfeldt@ecompare.com
Foster,M.,Giannetto,8610 Riverdale Avenue,Goodells,Michigan,48027,fGiannetto@unbounded.com
Lillie,B.,Prusha,9517 Glen Street,Robert Lee,Texas,76945,lPrusha@m4.org
Andres,X.,Seuell,7197 Brighton 3rd Court,Weymouth,Massachusetts,02191,aSeuell@bannertown.net
Barbra,A.,Desgroseillie,5934 Box Street,Phoenix,Arizona,85031,bDesgroseillie@geeklife.com
Kenton,V.,Hawkin,2884 Albee Square,Buena Vista,Virginia,24416,kHawkin@talkcity.com
Gwen,K.,Premeaux,1915 Canarsie Road,La Salle,Minnesota,56056,gPremeaux@grabmail.com
Edwin,N.,Breece,5858 Hornell Loop,Dillon,Montana,59725,eBreece@nicebush.com
Natasha,O.,Daisy,7208 Shell Road,Rogersville,Pennsylvania,15359,nDaisy@starting-point.com
Marcos,O.,Berrios,2040 Eckford Street,Nimrod,Minnesota,56478,mBerrios@gtemail.net
Marybeth,O.,Dibartolo,6199 Baycliff Terrace,Melrose,Iowa,52569,mDibartolo@i-connect.com
Vernon,M.,Schull,9729 Barlow Drive,Blue Mound,Kansas,66010,vSchull@bimamail.com
Elnora,M.,Leviton,5142 Cooke Court,Hiland,Wyoming,82638,eLeviton@foodmail.com
Glen,N.,Fineran,6858 Turner Place,Houston,Texas,77222,gFineran@netscape.net
Heather,F.,Khang,7647 Madison Street,Los Angeles,California,90077,hKhang@netmanor.com
Irving,S.,Teskey,3333 Avenue T,Exira,Iowa,50076,iTeskey@jump.com
May,W.,Wehn,8910 Calyer Street,Aransas Pass,Texas,78335,mWehn@uswestmail.net
Cruz,X.,Girote,4061 Manor Court,New Harmony,Utah,84757,cGirote@edmail.com
Beatrice,R.,Bourn,6845 Montgomery Street,Central City,Pennsylvania,15926,bBourn@conk.com
Hong,C.,Ging,7111 Imlay Street,La Villa,Texas,78562,hGing@byteme.com
Elise,Q.,Schain,8958 Farragut Road,Pawnee,Texas,78145,eSchain@free-org.com
Al,A.,Mattlin,4780 Cadman Plaza,South Range,Wisconsin,54874,aMattlin@singpost.com
Shana,O.,Jitchaku,9690 Beach 49th Street,Sulphur Rock,Arkansas,72579,sJitchaku@members.student.com
Bradford,K.,Obst,2477 Schenck Street,Bonita,California,91908,bObst@mail1st.com
Delma,H.,Bourgoin,8017 Sedgwick Place,Reno,Nevada,89512,dBourgoin@rocketmail.com
Salvatore,Y.,Texeira,2352 Gunther Place,Noble,Oklahoma,73068,sTexeira@votenet.com
Michell,R.,Lafferty,3704 Pierrepont Place,Charlotte,North Carolina,28229,mLafferty@angelfire.com
Arron,D.,Sebold,1906 Newport Street,Beech Bottom,West Virginia,26030,aSebold@england.com
Katy,X.,Laforrest,7294 Washington Walk,Philadelphia,Pennsylvania,19148,kLaforrest@yourname.freeservers.com
Thanh,A.,Scuderi,1778 Westminster Road,Geraldine,Alabama,35974,tScuderi@onvillage.com
Mindy,V.,Ochoa,2168 Ash Street,Mollusk,Virginia,22517,mOchoa@fastermail.com
Renato,C.,Saniatan,5472 Debevoise Avenue,Arizona City,Arizona,85223,rSaniatan@upf.org
Lydia,K.,Mccollins,5896 Brighton 1st Court,Hagerstown,Maryland,21749,lMccollins@usmc.net
Duane,I.,Viets,9488 Bay Ridge Avenue,Huntington,Vermont,05462,dViets@joinme.com
Shanna,L.,Willging,6459 Waverly Avenue,Gypsy,West Virginia,26361,sWillging@postmark.net
Mariano,R.,Soto,5757 Washington Avenue,Westbury,New York,11597,mSoto@fiberia.com
Marietta,A.,Kaniewski,1590 Ridgecrest Terrace,San Antonio,Texas,78299,mKaniewski@etrademail.com
Santos,W.,Torris,536 Bay 43rd Street,Mattapan,Massachusetts,02126,sTorris@surfy.net
Lacey,O.,Exum,8122 Spencer Place,Berino,New Mexico,88024,lExum@cyber4all.com
Frederick,W.,Ludvigson,5039 Grand Street,Bingham,Maine,04920,fLudvigson@ausi.com
Socorro,D.,Vittone,7071 President Street,Kelliher,Minnesota,56650,sVittone@acmecity.com
Vince,K.,Dannhaus,2881 Bay Avenue,Brodhead,Kentucky,40469,vDannhaus@nafe.com
Constance,M.,Byker,637 Dearborn Court,Hitchins,Kentucky,41146,cByker@cybergrrl.com
Millard,O.,Smith,182 Cozine Avenue,Anton,Colorado,80801,mSmith@dwp.net
Jana,J.,Claypoole,4069 Menahan Street,Newark,Delaware,19726,jClaypoole@richmondhill.com
Rich,C.,Patee,4129 Polhemus Place,Bryan,Texas,77808,rPatee@kozmail.com
Claire,X.,Lipp,7549 Lexington Avenue,Lemon Grove,California,91946,cLipp@billsfan.net
Robert,N.,Johansen,5328 Ovington Avenue,Bloomington,Wisconsin,53804,rJohansen@digibel.be
Cruz,E.,Roden,5935 Sumner Place,Tucson,Arizona,85744,cRoden@stones.com
Noe,O.,Durdy,5089 Maple Street,Titus,Alabama,36080,nDurdy@backpackers.com
Katharine,U.,Croslin,4504 Colonial Court,Coatsburg,Illinois,62325,kCroslin@ratt-n-roll.com
Roland,A.,Hasty,7459 Burnett Street,Samburg,Tennessee,38254,rHasty@lycosemail.com
Teresa,C.,Dilmore,7287 Dover Street,Plankinton,South Dakota,57368,tDilmore@unomail.com
Adrian,A.,Pillitteri,2691 Marine Avenue,Crestline,Ohio,44827,aPillitteri@yahoo.com
Marissa,R.,Garvie,9165 Walker Court,La Porte,Indiana,46350,mGarvie@planetarymotion.net
Adolph,R.,Talty,9844 Clara Street,Santa Barbara,California,93109,aTalty@gigileung.org
Tamika,L.,Lorenz,3159 Beach 48th Street,Walden,New York,12586,tLorenz@buyersusa.com
Tuan,R.,Panelli,2361 Dictum Court,Lucernemines,Pennsylvania,15754,tPanelli@singpost.com
Latisha,P.,Juvera,6078 Batchelder Street,Sedan,Kansas,67435,lJuvera@churchusa.com
Andy,Q.,Decena,5145 Bay 31st Street,Pittsburgh,Pennsylvania,15266,aDecena@mail.freetown.com
Maudie,A.,Freiler,7371 Knapp Street,Poland,Maine,04274,mFreiler@dawnsonmail.com
Claudio,P.,Olszowka,8936 Beach 43rd Street,Wharncliffe,West Virginia,25651,cOlszowka@youvegotmail.net
Kate,A.,Deppert,2205 Bay 31st Street,Alexandria,Virginia,22310,kDeppert@mail.freetown.com
Timothy,A.,Yeates,3305 Devon Avenue,San Francisco,California,94104,tYeates@dawnsonmail.com
Vernice,F.,Britson,1448 Stonewall Jackson Drive,Homer,Minnesota,55942,vBritson@naui.net
Huey,P.,Hwang,5784 Owls Head Court,Hollenberg,Kansas,66946,hHwang@ID-base.com
Rosario,V.,Zaldana,5638 Wythe Avenue,Kirklin,Indiana,46050,rZaldana@cuemail.com
Herman,X.,Burow,2869 Joralemon Street,Marshall,Minnesota,56258,hBurow@teamdiscovery.com
Amber,N.,Frizzell,1928 Park Cir,Packwaukee,Wisconsin,53953,aFrizzell@insidebaltimore.net
Elbert,F.,Senechal,8507 Suydam Street,Young America,Minnesota,55573,eSenechal@cybergrrl.com
Bonita,B.,Stockner,1384 Mill Road,Draper,Virginia,24324,bStockner@cheyenneweb.com
Elden,I.,Ahlin,3977 Bryant Street,Bloomfield,Missouri,63825,eAhlin@foodmail.com
Lillian,T.,Sherk,9565 Beach 50th Street,Buckeye,Arizona,85326,lSherk@nandomail.com
Rich,F.,Trigueiro,6279 Berriman Street,Little Black,Wisconsin,54431,rTrigueiro@angelfire.com
Stacie,V.,Hassett,2268 Walsh Court,Williston,North Dakota,58801,sHassett@uymail.com
Agustin,F.,Smola,8277 Revere Place,Pawhuska,Oklahoma,74056,aSmola@pathfindermail.com
Pilar,U.,Phillips,6245 Bay 10th Street,Fort Kent Mills,Maine,04744,pPhillips@mikrotamanet.com
Rupert,Y.,Yoss,3124 Moultrie Street,Welsh,Louisiana,70591,rYoss@dunlopdriver.com
Louise,D.,Wiggens,4130 Coleman Street,Helena,Montana,59602,lWiggens@wowmail.com
Don,O.,Trupp,7868 Brighton 2nd Lane,Tucson,Arizona,85712,dTrupp@go2.com.py
Reyna,J.,Rundlett,5233 Weldon Street,New Burnside,Illinois,62967,rRundlett@collectiblesuperstore.com
Jospeh,O.,Randall,4853 Seaview Gdns,Culdesac,Idaho,83534,jRandall@asiancityweb.com
Ernestina,U.,Phang,7339 Warsoff Place,Chicago,Illinois,60681,ePhang@visitweb.com
Rashad,T.,Mckellan,2366 Lombardy Street,Brookeville,Maryland,20833,rMckellan@gmx.de
Hillary,V.,Pallett,9270 Canton Court,Las Vegas,Nevada,89122,hPallett@freestamp.com
Norman,H.,Vivenzio,8206 Stone Avenue,Brundidge,Alabama,36010,nVivenzio@flashemail.com
Erma,P.,Draghi,7383 Robert Street,Chicago,Illinois,60644,eDraghi@graffiti.net
Heath,O.,Myracle,6135 Avenue U,Rome,Illinois,61562,hMyracle@asean-mail.com
Robin,V.,Ashalintubbi,9123 Dennett Place,Livermore,Maine,04253,rAshalintubbi@toolsource.com
Alfredo,B.,Mceniry,5280 Kingsborough 7th Walk,Berwick,Illinois,61417,aMceniry@singpost.com
Allison,N.,Rehfeldt,8488 Douglass Street,Salt Flat,Texas,79847,aRehfeldt@ghanamail.com
Quintin,B.,Halfmann,4285 Hope Street,Tuscumbia,Alabama,35674,qHalfmann@talk21.com
Rosie,D.,Emanuelson,8572 Brighton 11th Street,Mount Meigs,Alabama,36057,rEmanuelson@mailboom.com
Darrin,V.,Travieso,6320 Paerdegat 7th Street,Hackensack,New Jersey,07602,dTravieso@nchoicemail.com
Pamela,B.,Canion,9597 Wakeman Place,Unionville,Michigan,48767,pCanion@pagons.org
Jim,Y.,Odle,5911 Shore Road Lane,Minneapolis,Minnesota,55407,jOdle@oldies104mail.com
Chelsey,X.,Garr,7024 Brighton 4th Terrace,Pell Lake,Wisconsin,53157,cGarr@worldmailer.com
Kraig,A.,Garreh,2051 Kensington Walk,Cleveland,Texas,77328,kGarreh@happypuppy.com
Hollie,Y.,Deuell,9819 Perry Place,Belgrade,Missouri,63622,hDeuell@ksee24mail.com
Dino,P.,Witherow,9943 Moore Place,Santa Fe,Texas,77517,dWitherow@edmail.com
Leanna,Y.,Gsell,7627 Georgia Avenue,Rosalie,Nebraska,68055,lGsell@iowaemail.com
Willard,A.,Mazy,383 Noll Street,Lansing,Michigan,48918,wMazy@cuemail.com
Sierra,T.,Bub,7455 Perry Terrace,Stowe,Vermont,05672,sBub@mailcc.com
Gilbert,X.,Vanderloo,1014 Kiely Place,Craigmont,Idaho,83523,gVanderloo@888.nu
Jacklyn,G.,Shorrock,8560 Brooklyn Road,Great Bend,North Dakota,58039,jShorrock@dunloprider.com
Elvis,B.,Senno,4840 Bay 44th Street,Lillington,North Carolina,27546,eSenno@fullmail.com
Chong,G.,Presby,3214 Meeker Avenue,Lansing,New York,14882,cPresby@virtualactive.com
Jorge,L.,Kriege,2376 Avenue O,Elgin,North Dakota,58533,jKriege@foodmail.com
Jaclyn,X.,Mcclerkin,728 Brighton 4th Court,Kingston,Washington,98346,jMcclerkin@cornells.com
Willie,E.,Wachtel,3116 Wyckoff Street,Wing,North Dakota,58494,wWachtel@acmecity.com
Graciela,M.,Bunn,7466 Roosevelt Place,Byron,Georgia,31008,gBunn@jaydemail.com
Adalberto,P.,Ridges,6217 Cook Street,Oxford,Iowa,52322,aRidges@iowaemail.com
Frances,X.,Schleider,5171 Holt Court,Lansford,North Dakota,58750,fSchleider@softhome.net
Mitchell,L.,Catan,9960 Middleton Street,Galivants Ferry,South Carolina,29544,mCatan@nimail.com
Dalia,I.,Hallford,7591 Bulwer Place,Watertown,Connecticut,06795,dHallford@homeworkcentral.com
Tad,D.,Durell,883 Kingsborough 4th Walk,Troy,West Virginia,26443,tDurell@passwordmail.com
Migdalia,V.,Mercuri,848 Malta Street,Zortman,Montana,59546,mMercuri@webinbox.com
Pat,Y.,Mcphearson,5876 Ashland Place,Swink,Oklahoma,74761,pMcphearson@theglobe.com
Justine,W.,Lennertz,5340 Middagh Street,Wasola,Missouri,65773,jLennertz@operamail.com
Randy,G.,Orwick,8886 Brighton 4 Place,Gervais,Oregon,97026,rOrwick@asean-mail.com
Lenore,L.,Mcgoey,3245 Bowne Street,Fairplay,Maryland,21733,lMcgoey@rediffmail.com
Demetrius,T.,Latina,3897 St Andrews Place,Edna,Kansas,67342,dLatina@ilovejesus.com
Jordan,H.,Mullendore,3891 Court Street,Richville,Michigan,48758,jMullendore@bla-bla.com
Warren,G.,Tangren,8532 Concord Street,Rosalia,Washington,99170,wTangren@cybertrains.org
Alba,O.,Pallares,8175 Irving Avenue,Sharptown,Maryland,21861,aPallares@abolition-now.com
Francis,Q.,Romash,7430 Fulton Street,Porter,Texas,77365,fRomash@justicemail.com
Pansy,R.,Soles,7579 Ryder Avenue,Morristown,Indiana,46161,pSoles@go2.com.py
Pete,A.,Schol,1337 Beach 40th Street,Langley,South Carolina,29834,pSchol@mailshuttle.com
Gabrielle,T.,Gastelum,4821 Bay 52nd Street,Palm Desert,California,92255,gGastelum@wptamail.com
Ferdinand,Q.,Townsley,1514 Canton Court,Oneida,Kansas,66522,fTownsley@deseretmail.com
Annabelle,A.,Rain,2879 Bay 48th Street,Concord,New Hampshire,03303,aRain@freemail.org.mk
Willian,C.,Gelfo,5930 Marconi Place,Falkville,Alabama,35622,wGelfo@england.com
Ladonna,N.,Stain,6869 Delmonico Place,Richardson,Texas,75085,lStain@headbone.com
Chung,A.,Brallier,7774 Oriental Boulevard,Lawrence,Kansas,66046,cBrallier@wongfaye.com
Ruthie,H.,Lines,2710 Thames Street,Hayden,Alabama,35079,rLines@mailpost.zzn.com
Elias,S.,Echevaria,5755 Wallabout Street,Waterville,Iowa,52170,eEchevaria@etrademail.com
Sabrina,D.,Liscomb,4760 St Andrews Place,Greensboro,North Carolina,27410,sLiscomb@rediffmail.com
Vince,L.,Deihl,1682 Agate Court,Fresno,California,93771,vDeihl@mikrotamanet.com
Laurel,X.,Kimpel,1777 Brighton 3rd Court,Heilwood,Pennsylvania,15745,lKimpel@net-pager.net
Jeramy,Q.,Witzke,8455 Legion Street,Concord,Vermont,05824,jWitzke@chickmail.com
Dona,M.,Bienenstock,7913 Wyona Street,New Haven,Ohio,44850,dBienenstock@talk21.com
Tracy,P.,Kratt,2296 General Lee Avenue,Goodspring,Tennessee,38460,tKratt@safarimail.com
Joni,N.,Zachman,7709 Brighton 1st Lane,Kenton,Ohio,43326,jZachman@doramail.com
Leon,D.,Wydeven,2059 Pine Street,Norwich,North Dakota,58768,lWydeven@fullmail.com
Colette,P.,Landfried,7774 Coney Island Avenue,Fort Worth,Texas,76192,cLandfried@post.cz
Hershel,P.,Laurenitis,9646 Coleridge Street,Zenia,California,95595,hLaurenitis@norikomail.com
Rose,I.,Petrulis,2274 Cranberry Street,Centralia,Illinois,62801,rPetrulis@milmail.com
Gus,O.,Alejo,9498 Navy Walk,Pasadena,California,91125,gAlejo@pcsrock.com
Haley,V.,Matott,105 St Johns Place,Burke,South Dakota,57523,hMatott@mail1st.com
Greg,R.,Sternberg,2710 Hoyts Lane,Chico,California,95976,gSternberg@ausi.com
Dottie,F.,Maranan,445 St Felix Street,Garrett,Wyoming,82058,dMaranan@123india.com
Cliff,Q.,Hoheisel,3337 Sheridan Avenue,Wakefield,Massachusetts,01880,cHoheisel@ilovethemovies.com
Corine,E.,Malec,5130 Grand Parents Avenue,Southmayd,Texas,76268,cMalec@mailwire.com
Dwayne,I.,Mulroy,7048 Brighton 1st Court,Avondale Estates,Georgia,30002,dMulroy@macbox.com
Jessica,S.,Hastert,8797 Adler Place,Schenectady,New York,12307,jHastert@xmastime.com
Geraldo,W.,Daves,1736 Cameron Court,Canutillo,Texas,79835,gDaves@bitmail.com
Jacquelyn,H.,Lamana,719 West Street,Magnolia,Illinois,61336,jLamana@geeklife.com
Roosevelt,P.,Canel,9358 Bay 47th Street,Fresno,California,93701,rCanel@finfin.com
Rafaela,S.,Piatak,1962 Ridge Boulevard,Oklahoma City,Oklahoma,73194,rPiatak@bombdiggity.com
Christoper,M.,Nordstrom,2516 Belmont Avenue,Arnaudville,Louisiana,70512,cNordstrom@hamptonroads.com
Leta,J.,Reibert,8573 Rugby Road,San Diego,California,92163,lReibert@looksmart.com.au